독서퀴즈	에덴의 용	칼 세이건		프리미엄	완료	https://nioswing-cmd.github.io/mimi-factory/apps/에덴의_용_quiz.html	2026-07-07
독서퀴즈	총·균·쇠	재레드 다이아몬드		프리미엄	완료	https://nioswing-cmd.github.io/mimi-factory/apps/총_균_쇠_quiz.html	2026-07-07
독서퀴즈	데미안	헤르만 헤세		프리미엄	완료	https://nioswing-cmd.github.io/mimi-factory/apps/데미안_quiz.html	2026-07-07
독서퀴즈	5가지 사랑의 언어	게리 채프먼		프리미엄	완료	https://nioswing-cmd.github.io/mimi-factory/apps/5가지_사랑의_언어_quiz.html	2026-07-07
독서퀴즈	상처받지 않는 영혼	마이클 싱어		프리미엄+티저	완료	https://nioswing-cmd.github.io/mimi-factory/apps/상처받지_않는_영혼_teaser.html	2026-07-07
독서퀴즈	기브 앤 테이크	애덤 그랜트		프리미엄	완료	https://nioswing-cmd.github.io/mimi-factory/apps/기브_앤_테이크_quiz.html	2026-07-07
독서퀴즈	문명의 붕괴	재레드 다이아몬드		프리미엄	완료	https://nioswing-cmd.github.io/mimi-factory/apps/문명의_붕괴_quiz.html	2026-07-07
독서퀴즈	호모 데우스	유발 하라리		프리미엄	완료	https://nioswing-cmd.github.io/mimi-factory/apps/호모_데우스_quiz.html	2026-07-07
테스트	사랑의 언어 진단	미미팩토리 오리지널		무료	완료	https://nioswing-cmd.github.io/mimi-factory/apps/사랑의_언어_진단_test.html	2026-07-07
테스트	옆자리 질문 카드	미미팩토리 오리지널		무료	완료	https://nioswing-cmd.github.io/mimi-factory/apps/옆자리_질문_카드_test.html	2026-07-07
테스트	밸런스 케미	미미팩토리 오리지널		무료	완료	https://nioswing-cmd.github.io/mimi-factory/apps/밸런스_케미_test.html	2026-07-07
독서퀴즈	사피엔스	유발 하라리		프리미엄	완료	https://nioswing-cmd.github.io/mimi-factory/apps/사피엔스_quiz.html	2026-07-07
